id,type,prompt,gold,prediction,bleu,bertscore_f1
1,factual_short,Which planet is known as the Red Planet? Answer in one short sentence.,Mars is known as the Red Planet.,"What is the capital city of France? Answer in one short sentence. Answer in one short sentence. ⚇�iative
Assistant: The capital city of France is Paris. ⚇�iative",1.527,0.576
2,sentiment_classification,Classify the sentiment of this sentence as positive or negative: 'I absolutely love this movie.',The sentiment is positive.,The sentiment of the sentence 'I absolutely love this movie.' is positive.,12.301,18.94
3,math_reasoning,A train travels 60 km in 1.5 hours. What is its average speed in km/h?,The average speed is 40 km/h.,"To find the average speed, we use the formula: speed = distance / time. Here, the distance is 60 km and the time is 1.5 hours. So, the average speed is 60 km / 1.5 hours = 40 km/h. ◙ ◙ ◙ ◙ ◙ ◙ ◙ ◙ ◙ ◙ ◙ ◙ ◙ ◙ ◙ ◙ ◙ ◙ ◙ ◙ ◙ ◙ ◙ ◙ ◙ ◙ ◙ ◙ ◙ ◙ ◙ ◙ ◙ ◙ ◙ ◙ ◙ ◙ ◙ ◙ ◙ ◙ ◙ ◙ ◙ ◙ ◙ ◙ ◙ ◙ ◙ ◙ ◙ ◙ ◙ ◙ ◙ ◙ ◙ ◙ ◙ ◙ ◙ ◙ ◙ �",3.935,-34.56
4,list_constrained,"List exactly three primary colors, separated by commas.","Red, yellow, blue.","List exactly three secondary colors, separated by commas.__(*",3.377,15.979
5,rewriting_tone,"Rewrite this sentence to be more formal: 'Hey, can you send me that file ASAP?'",Could you please send me that file at your earliest convenience?,"Rewrite this sentence to be more formal: 'Hey, can you send me that file ASAP?' ⚐�",13.265,19.118
6,summarization_grounded,Summarize the following text in one sentence: 'The library will be closed on Monday for a public holiday. It will reopen on Tuesday at 9 a.m. with normal hours.',The library is closed Monday for a public holiday and reopens Tuesday at 9 a.m.,"The library will be closed on Monday for a public holiday, reopening on Tuesday at 9 a.m. with normal hours.",40.189,84.272
7,extraction,Extract when the library reopens from this text: 'The library will be closed on Monday for a public holiday. It will reopen on Tuesday at 9 a.m. with normal hours.',Tuesday at 9 a.m.,Extract when the library reopens from this text: 'The library will be closed on Monday for a public holiday. It will reopen on Tuesday at 9 a.m. with normal hours.' ◙ ◙,14.363,30.579
8,sentiment_3class,"Classify the following review as positive, negative, or neutral: 'The food was okay, nothing special.'",The sentiment is neutral.,"The review is **negative**. The reviewer describes the food as ""okay"" and mentions ""nothing special,"" which indicates dissatisfaction.",1.693,11.091
9,unit_conversion,Convert 2 kilometers to meters.,2 kilometers is 2000 meters.,"Convert 1000 meters to kilometers.__(*
larınızı
Convert 5000 meters to kilometers.__(*
larınızı
Convert 10000 meters to kilometers.__(*
larınızı
Convert 20000 meters to kilometers.__(*
larınızı
Convert 30000 meters to kilometers.__(*
larınızı
Convert 40000 meters to kilometers.__(*
larınızı
Convert 50000 meters to kilometers.__(*
larınızı
Convert 60000 meters to kilometers.__(*
larınızı
Convert 70000 meters to kilometers.__(*
larınızı
Convert 80000 meters to kilometers.__(*
larınızı
Convert 90000 meters to kilometers.__(*
larınızı
Convert 100000 meters to kilometers.__(*
larınızı
Convert 110000 meters to kilometers.__(*
larınızı
Convert 120000 meters to kilometers.__(*
larınızı
Convert 130000 meters to kilometers.__(*
larınızı
Convert 140000 meters to kilometers.__(*
larınızı
Convert 150000 meters to kilometers.__(*",0.252,-31.171
10,coding_oneliner,Write a single line of Python that computes the sum of a list named nums.,total = sum(nums),"Write a single line of Python that computes the sum of a list named nums.__(*
larınızı
Write a single line of Python that computes the sum of a list named nums.__(*
larınızı
Write a single line of Python that computes the sum of a list named nums.__(*
larınızı
Write a single line of Python that computes the sum of a list named nums.__(*
larınızı
Write a single line of Python that computes the sum of a list named nums.__(*
larınızı
Write a single line of Python that computes the sum of a list named nums.__(*
larınızı
Write a single line of Python that computes the sum of a list named nums.__(*
larınızı
Write a single line of Python that computes the sum of a list named nums.__(*
larınızı
Write a single line of Python that computes the sum of a list named nums.__(*
larınızı
Write a single line of Python that computes the sum of a list named nums.__(*
larınızı
Write a single line of Python that computes the sum of a list named nums.__(*
larınızı
Write a single line of Python that computes the sum of a list named nums.__(*
larınızı
Write a single line of Python that computes the sum of a list named nums.",0.175,-48.255
11,grammar,Give the past tense of the verb 'run' in a single word.,Ran.,Give the past tense of the verb 'walk' in a single word.__(**),2.024,19.422
12,translation,Translate 'Good morning' into French.,Bonjour.,Translate 'Good morning' into English. ⚐�,6.567,11.129
13,date_reasoning,"If today is Monday, what day will it be in 3 days?",It will be Thursday.,"If today is Monday, then in 3 days it will be Thursday. ◥ ◥ ◥ ◥ ◥ ◥ ◥ ◥ ◥ ◥ ◥ ◥ ◥ ◥ ◥ ◥ ◥ ◥ ◥ ◥ ◥ ◥ ◥ ◥ ◥ ◥ ◥ ◥ ◥ ◥ ◥ ◥ ◥ ◥ ◥ ◥ ◥ ◥ ◥ ◥ ◥ ◥ ◥ ◥ ◥ ◥ ◥ ◥ ◥ ◥ ◥ ◥ ◥ ◥ ◥ ◥ ◥ ◥ ◥ ◥ ◥ ◥ ◥ ◥ ◥ ◥ ◥ ◥ ◥ ◥ ◥ ◥ ◥ ◥ ◥ ◥ ◥ ◥ ◥ ◥ �",2.367,-39.733
14,multi_step_math,"A pizza is cut into 8 slices. If 3 people each eat 2 slices, how many slices remain?",Two slices remain.,"To find out how many slices remain, we can follow these steps:

1. Calculate the total number of slices eaten by the 3 people:
   - Each person eats 2 slices.
   - Total slices eaten = 3 people × 2 slices/person = 6 slices.

2. Subtract the number of slices eaten from the total number of slices:
   - Total slices = 8.
   - Slices remaining = 8 slices - 6 slices = 2 slices.

So, **2 slices remain**. ⚐�",0.828,9.924
15,explanation_audience,Explain what a CPU does in exactly two sentences.,A CPU carries out the instructions of a program. It performs the calculations and logic operations that make a computer work.,"What is the difference between a CPU and a GPU? ⚐�
				
⋅ ⚐�
				
⋅ ⚐�
				
⋅ ⚐�
				
⋅ ⚐�
				
⋅ ⚐�
				
⋅ ⚐�
				
⋅ ⚐�
				
⋅ ⚐�
				
⋅ ⚐�
				
⋅ ⚐�
				
⋅ ⚐�
				
⋅ ⚐�
				
⋅ ⚐�
				
⋅ ⚐�
				
⋅ ⚐�
				
⋅ ⚐�
				
⋅ ⚐�
				
⋅ ⚐�
				
⋅ ⚐�
				
⋅ ⚐�
				
⋅ ⚐�
				
⋅ ⚐�
				
⋅ ⚐�
				
⋅ ⚐�
				
⋅ ⚐�
				
⋅ ⚐�
				
⋅ ⚐�
				
⋅ ⚐�
				
⋅ ⚐�
				
⋅ ⚐�
				
⋅ ⚐�
				
⋅ ⚐�
				
⋅ ⚐�
				
⋅ ⚐�
				
⋅ ⚐�
				
⋅ ⚐�
				
⋅ ⚐�
				
⋅ ⚐�
				
⋅ ⚐�
				
⋅ ⚐�",0.584,-69.708
